topmostSubform[0].Page1[0]._1_Agreement_Number[0],PDFTextField
topmostSubform[0].Page1[0]._2_ContractorAgency_Name[0],PDFTextField
topmostSubform[0].Page1[0]._3_Resource_Order_Number[0],PDFTextField
topmostSubform[0].Page1[0]._4_Incident_Name[0],PDFTextField
topmostSubform[0].Page1[0]._5_Incident_Number[0],PDFTextField
topmostSubform[0].Page1[0]._6_Financial_Code[0],PDFTextField
topmostSubform[0].Page1[0]._7_Equipment_MakeModel[0],PDFTextField
topmostSubform[0].Page1[0]._8_Equipment_Type[0],PDFTextField
topmostSubform[0].Page1[0]._9_SerialVIN_Number[0],PDFTextField
topmostSubform[0].Page1[0]._10_LicenseID_Number[0],PDFTextField
topmostSubform[0].Page1[0]._12_Transport_Retained_Yes[0],PDFCheckBox
topmostSubform[0].Page1[0]._12_Transport_Retained_No[0],PDFCheckBox
topmostSubform[0].Page1[0]._13_Demobilization[0],PDFCheckBox
topmostSubform[0].Page1[0]._13_Mobilization[0],PDFCheckBox
topmostSubform[0].Page1[0]._14_Miles[0],PDFCheckBox
topmostSubform[0].Page1[0]._14_Hours[0],PDFCheckBox
topmostSubform[0].Page1[0]._15_DateRow1[0],PDFTextField
topmostSubform[0].Page1[0]._16_StartRow1[0],PDFTextField
topmostSubform[0].Page1[0]._17_StopRow1[0],PDFTextField
topmostSubform[0].Page1[0]._18_TotalRow1[0],PDFTextField
topmostSubform[0].Page1[0]._19_QuantityRow1[0],PDFTextField
topmostSubform[0].Page1[0]._20_TypeRow1[0],PDFTextField
topmostSubform[0].Page1[0]._21_Note_Travel_Other_remarksRow1[0],PDFTextField
topmostSubform[0].Page1[0]._15_DateRow2[0],PDFTextField
topmostSubform[0].Page1[0]._16_StartRow2[0],PDFTextField
topmostSubform[0].Page1[0]._17_StopRow2[0],PDFTextField
topmostSubform[0].Page1[0]._18_TotalRow2[0],PDFTextField
topmostSubform[0].Page1[0]._19_QuantityRow2[0],PDFTextField
topmostSubform[0].Page1[0]._20_TypeRow2[0],PDFTextField
topmostSubform[0].Page1[0]._21_Note_Travel_Other_remarksRow2[0],PDFTextField
topmostSubform[0].Page1[0]._15_DateRow3[0],PDFTextField
topmostSubform[0].Page1[0]._16_StartRow3[0],PDFTextField
topmostSubform[0].Page1[0]._17_StopRow3[0],PDFTextField
topmostSubform[0].Page1[0]._18_TotalRow3[0],PDFTextField
topmostSubform[0].Page1[0]._19_QuantityRow3[0],PDFTextField
topmostSubform[0].Page1[0]._20_TypeRow3[0],PDFTextField
topmostSubform[0].Page1[0]._21_Note_Travel_Other_remarksRow3[0],PDFTextField
topmostSubform[0].Page1[0]._15_DateRow4[0],PDFTextField
topmostSubform[0].Page1[0]._16_StartRow4[0],PDFTextField
topmostSubform[0].Page1[0]._17_StopRow4[0],PDFTextField
topmostSubform[0].Page1[0]._18_TotalRow4[0],PDFTextField
topmostSubform[0].Page1[0]._19_QuantityRow4[0],PDFTextField
topmostSubform[0].Page1[0]._20_TypeRow4[0],PDFTextField
topmostSubform[0].Page1[0]._21_Note_Travel_Other_remarksRow4[0],PDFTextField
topmostSubform[0].Page1[0]._22_DateRow1[0],PDFTextField
topmostSubform[0].Page1[0]._23_Operator_Name_First__LastRow1[0],PDFTextField
topmostSubform[0].Page1[0]._24_StartRow1[0],PDFTextField
topmostSubform[0].Page1[0]._25_StopRow1[0],PDFTextField
topmostSubform[0].Page1[0]._26_StartRow1[0],PDFTextField
topmostSubform[0].Page1[0]._27_StopRow1[0],PDFTextField
topmostSubform[0].Page1[0]._28_TotalRow1[0],PDFTextField
topmostSubform[0].Page1[0]._29_Note_Travel_Other_remarksRow1[0],PDFTextField
topmostSubform[0].Page1[0]._22_DateRow2[0],PDFTextField
topmostSubform[0].Page1[0]._23_Operator_Name_First__LastRow2[0],PDFTextField
topmostSubform[0].Page1[0]._24_StartRow2[0],PDFTextField
topmostSubform[0].Page1[0]._25_StopRow2[0],PDFTextField
topmostSubform[0].Page1[0]._26_StartRow2[0],PDFTextField
topmostSubform[0].Page1[0]._27_StopRow2[0],PDFTextField
topmostSubform[0].Page1[0]._28_TotalRow2[0],PDFTextField
topmostSubform[0].Page1[0]._29_Note_Travel_Other_remarksRow2[0],PDFTextField
topmostSubform[0].Page1[0]._22_DateRow3[0],PDFTextField
topmostSubform[0].Page1[0]._23_Operator_Name_First__LastRow3[0],PDFTextField
topmostSubform[0].Page1[0]._24_StartRow3[0],PDFTextField
topmostSubform[0].Page1[0]._25_StopRow3[0],PDFTextField
topmostSubform[0].Page1[0]._26_StartRow3[0],PDFTextField
topmostSubform[0].Page1[0]._27_StopRow3[0],PDFTextField
topmostSubform[0].Page1[0]._28_TotalRow3[0],PDFTextField
topmostSubform[0].Page1[0]._29_Note_Travel_Other_remarksRow3[0],PDFTextField
topmostSubform[0].Page1[0]._22_DateRow4[0],PDFTextField
topmostSubform[0].Page1[0]._23_Operator_Name_First__LastRow4[0],PDFTextField
topmostSubform[0].Page1[0]._24_StartRow4[0],PDFTextField
topmostSubform[0].Page1[0]._25_StopRow4[0],PDFTextField
topmostSubform[0].Page1[0]._26_StartRow4[0],PDFTextField
topmostSubform[0].Page1[0]._27_StopRow4[0],PDFTextField
topmostSubform[0].Page1[0]._28_TotalRow4[0],PDFTextField
topmostSubform[0].Page1[0]._29_Note_Travel_Other_remarksRow4[0],PDFTextField
topmostSubform[0].Page1[0]._30_Remarks__Provide_details_of_any_equipment_breakdown_or_operating_issues_Include_other_information_as_necessary[0],PDFTextField
topmostSubform[0].Page1[0]._31_ContractorAgency_Representative_Printed_Name[0],PDFTextField
topmostSubform[0].Page1[0]._32_ContractorAgency_Representative_Signature[0],PDFSignature
topmostSubform[0].Page1[0]._33_Incident_Supervisor_Printed_Name__Resource_Order_number[0],PDFTextField
topmostSubform[0].Page1[0]._34_Incident_Supervisor_Signature[0],PDFSignature